CREATE TABLE PROVIT(
  PRODUCT VARCHAR2(200),
  P_ID NUMBER,
  P_PRIZE NUMBER,
  P_CODE NUMBER
);
CREATE TABLE FOOD(
  FOOD_ID NUMBER PRIMARY KEY,
  FOOD_NAME VARCHAR2(50)
);

CREATE TABLE FOOD_ITEAM(
  FOOD_PID NUMBER PRIMARY KEY,
  F_NAME VARCHAR2(100)
);
DROP TABLE FOOD_ITEAM;
INSERT INTO FOOD_ITEAM VALUES(1,'BERIANI');
INSERT INTO FOOD_ITEAM VALUES(2,'PASTA');
INSERT INTO FOOD_ITEAM VALUES(3,'GRIL');
INSERT INTO FOOD_ITEAM VALUES(4,'KABAB');
SELECT * FROM FOOD_ITEAM;

CREATE TABLE FOOD(
  FOOD_ID NUMBER PRIMARY KEY,
  FOOD_NAME VARCHAR2(100)
);
INSERT INTO FOOD VALUES(1,'BERIANI');
INSERT INTO FOOD VALUES(2,'PASTA');
INSERT INTO FOOD VALUES(3,'GRIL');
INSERT INTO FOOD VALUES(4,'KABAB');

DESC FOOD;
SELECT * FROM FOOD;
DROP TABLE FOOD;



CREATE TABLE FOOD_ITEAM(
  FOOD_ID NUMBER PRIMARY KEY,
  FOOD_NAME VARCHAR2(100)
);
INSERT INTO FOOD_ITEAM VALUES(1,'BERIANI');
INSERT INTO FOOD_ITEAM VALUES(2,'PASTA');
INSERT INTO FOOD_ITEAM VALUES(3,'GRIL');
INSERT INTO FOOD_ITEAM VALUES(4,'KABAB');
SELECT * FROM FOOD_ITEAM;
DESC FOOD_ITEAM;

declare
 rg_name varchar2(25):='food_name';
 rg_id recordgroup;
 status number;
begin
 rg_id:=find_group(rg_name);
if
 not id_null(rg_id) then
 delete_group(rg_id);
else
 rg_id :=create_group_from_query
 (rg_name,'select food_name, to_char(food_id) from food_item');
end if;
 status :=populate_group(rg_name);
 populate_list('proid',rg_id);
end;
/
DECLARE 
  RG_NAME VARCHAR2:= 'FOOD_ITEAM';
  RG_ID RECORDGROUP;
  STATUS NUMBER;
BEGIN
  RG_ID := FIND_GROUP(RG_NAME);
  IF 
    NOT ID_NULL(RG_ID) 
      THEN
        DELETE_GROUP(RG_ID);
   ELSE
    RG_ID:= CREATE_GROUP_FROM_QUERY;
    (RG_NAME, 'SELECT FOOD_NAME,TO_CHAR(FOOD_ID) FROM FOOD_ITEM ');
    END IF
      STATUS:= POPULATE_GROUP(RG_NAME);
      POPULATE_LIST('PRODUCT',RG_ID);
END;
/

DROP TABLE EMPLOYEES;
CREATE TABLE EMPLOYEES(\
  EMPLOYEES_ID NUMBER,
  LAST_NAME VARCHAR2(50),
  JOB_ID NUMBER,
  SALARY NUMBER,
  DEPARTMENT_ID NUMBER
);
INSERT INTO EMPLOYEES VALUES(11609001,'SAIFUL',101,30000,1);
INSERT INTO EMPLOYEES VALUES(11609003,'ALMAS',103,200000,2);
INSERT INTO EMPLOYEES VALUES(11609004,'AKANTO',104,30000,3);
INSERT INTO EMPLOYEES VALUES(11609005,'KAWSAR',105,30000,4);
INSERT INTO EMPLOYEES VALUES(11609007,'ESRAT',107,30000,5);
INSERT INTO EMPLOYEES VALUES(11609009,'SHIHAB',109,30000,6);

SELECT * FROM EMPLOYEES ORDER BY EMPLOYEES_ID;
DELETE FROM EMPLOYEES WHERE EMPLOYEES_ID = 11609001;

DROP TABLE DEPARTMENT;
CREATE TABLE DEPARTMENT(
  DEPARTMENT_ID NUMBER,
  DEPARTMENT_NAME VARCHAR2(100)
);
INSERT INTO DEPARTMENT VALUES(1,'ICT'); 
INSERT INTO DEPARTMENT VALUES(2,'CSE'); 
INSERT INTO DEPARTMENT VALUES(3,'EEE');
INSERT INTO DEPARTMENT VALUES(4,'ETE'); 
INSERT INTO DEPARTMENT VALUES(5,'CIVIL'); 
INSERT INTO DEPARTMENT VALUES(6,'ME'); 

SELECT * FROM DEPARTMENT ORDER BY DEPARTMENT_ID;
DELETE FROM DEPARTMENT WHERE DEPARTMENT_ID = 1;

SELECT DEPARTMENT_NAME INTO :EMPLOYEES.DEPT_NAME 
FROM DEPARTMENT
WHERE DEPARTMENT_ID = :EMPLOYEES.DEPARTMENT_ID;

SET SERVEROUTPUT ON;
DECLARE
  RE_NAME VARCHAR2 = 'ITEAM_NAME';
  RG_ID RECORDGROUP;
  STATUS NUMBER;
BEGIN
  RG_ID := FIND_GROUP(RG_NAME);
  IF 
    NOT ID_NULL(RG_ID);
    THEN
      DELETE_GROUP(RG_ID);
  ELSE 
    RG_ID := CREATE_QUERY_FROM_GROUP;
    (RG_NAME,'SELECT DEP_NAME TO_CHAR(DEP_ID) FROM DEPARTMENT');
  END IF
  STSTUS := POPULATE_GROUP(RG_NAME);
  POPULATE_LIST('BLOCK_NAME',RG_ID);
  
  IF :SEARCH_TYPE = 1 THEN
  GO_BLOCK('EMP');
  SET_BLOCK_PROPERTY('BLOCK_NAME', ONETIME_WHERE, 'DEPART_ID = :RECORD.DEP_ID');
  EXECUTE_QUERY;
  
    
  
  









